Day of the Week,meanProfit,meanProfitPerShelf,Shelves full (division)
F,19151.25,1101.889167,17.38037779
M,21107.58333,1188.805833,17.75528244
Sa,22968.08333,1211.4325,18.95944127
Su,22772.66667,1259.5525,18.07996623
T,14462.16667,848.3933333,17.04653502
Th,22096.91667,1171.025833,18.86970897
W,18939.5,974.1816667,19.44144573
